<?xml version="1.0" encoding="UTF-8"?>
<project-private xmlns="http://www.netbeans.org/ns/project-private/1">
    <editor-bookmarks xmlns="http://www.netbeans.org/ns/editor-bookmarks/2" lastBookmarkId="0"/>
    <open-files xmlns="http://www.netbeans.org/ns/projectui-open-files/2">
        <group>
            <file>file:/C:/Users/blinov_is/Documents/NetBeansProjects/kkcar-masterweb/application/models/model_kkcontroller.php</file>
            <file>file:/C:/Users/blinov_is/Documents/NetBeansProjects/kkcar-masterweb/application/core/kk_webconstants.php</file>
            <file>file:/C:/Users/blinov_is/Documents/NetBeansProjects/kkcar-masterweb/application/models/model_phoneapp.php</file>
            <file>file:/C:/Users/blinov_is/Documents/NetBeansProjects/kkcar-masterweb/application/controllers/controller_configuration_hardware.php</file>
            <file>file:/C:/Users/blinov_is/Documents/NetBeansProjects/kkcar-masterweb/application/core/route.php</file>
            <file>file:/C:/Users/blinov_is/Documents/NetBeansProjects/kkcar-masterweb/application/core/controller.php</file>
            <file>file:/C:/Users/blinov_is/Documents/NetBeansProjects/kkcar-masterweb/application/controllers/controller_configuration.php</file>
            <file>file:/C:/Users/blinov_is/Documents/NetBeansProjects/kkcar-masterweb/application/models/model_configuration.php</file>
            <file>file:/C:/Users/blinov_is/Documents/NetBeansProjects/kkcar-masterweb/application/models/model_diagnostic.php</file>
            <file>file:/C:/Users/blinov_is/Documents/NetBeansProjects/kkcar-masterweb/application/core/wservice.php</file>
            <file>file:/C:/Users/blinov_is/Documents/NetBeansProjects/kkcar-masterweb/application/controllers/controller_diagnostic.php</file>
            <file>file:/C:/Users/blinov_is/Documents/NetBeansProjects/kkcar-masterweb/application/core/dbconnection.php</file>
            <file>file:/C:/Users/blinov_is/Documents/NetBeansProjects/kkcar-masterweb/application/controllers/controller_phoneapp.php</file>
        </group>
    </open-files>
</project-private>
